{
  "customers": [
    {
      "CustomerID": "C001",
      "Firstname": "Piyumi",
      "LastName": "Sathurusinghe",
      "Address": "No:283/B",
      "Street": "Isuru,kotta Rd",
      "City": "Baththramulla",
      "longitude": "79.913192",
      "latitude": "6.894224"
    },
    {
      "CustomerID": "C002",
      "Firstname": "Upali",
      "LastName": "Weerasinghe",
      "Address": "No:20",
      "Street": "Alakeswara Rd",
      "City": "Baththramulla",
      "longitude": "79.898773",
      "latitude": "6.894906"
    },
    {
      "CustomerID": "C003",
      "Firstname": "Poshitha",
      "LastName": "Rasanjana",
      "Address": "No:10",
      "Street": "Saman Rd",
      "City": "AthulKotta",
      "longitude": "79.920402",
      "latitude": "6.903768"
    }
  ],
  "NewsPaper": [
    {
      "NewspaperID": "01",
      "Title": "Mawbeema",
      "Type": "Daily",
      "Price": "3000",
      "DateOfIssue": "06/08/2023"
    },
    {
      "NewspaperID": "02",
      "Title": "Lankadeepa",
      "Type": "Weekly once",
      "Price": "6000",
      "DateOfIssue": "06/08/2023"
    }
  ],
  "Subscription": [
    {
      "CustomerID": "C001",
      "NewspaperID": "01",
      "StratDate": "06/10/2022",
      "EndDate": "06/10/2023",
      "ReminderStatus" : ""
    },
    {
      "CustomerID": "C002",
      "NewspaperID": "02",
      "StratDate": "06/10/2022",
      "EndDate": "06/10/2023",
      "ReminderStatus": "Renewal:YES"
    },
    {
      "CustomerID": "C003",
      "NewspaperID": "01",
      "StratDate": "06/10/2022",
      "EndDate": "06/10/2023",
      "ReminderStatus": ""
    }
  ]
}